﻿Designator,Quantity,Value,Footprint,Package,MPN,DNP,Mount_Type,Description,Height,Mouser Part Number,Mouser Price/Stock,Manufacturer_Name
", , , , , , , , , , ",11,,,,,,tht,,,,,
C1,1,C0805C474K5RACTU,C_0805_2012Metric_Pad1.18x1.45mm_HandSolder,,C0805C474K5RACTU,,smt,"SMD Comm X7R, Ceramic, 0.47 uF, 10%, 50 VDC, 125 VDC, 125C, -55C, X7R, SMD, MLCC, Temperature Stable, Class II, 2.5 % , 1.0638 GOhms, 16 mg, 0805, 2mm, 1.25mm, 1mm, 0.75mm, 0.5mm, 2500, 78  Weeks, 80",1.1,80-C0805C474K5R,https://www.mouser.co.uk/ProductDetail/KEMET/C0805C474K5RACTU?qs=nLJruSqDb94g3rYuYFW2HQ%3D%3D,KEMET
C2,1,C0805C105K4RACTU,C_0805_2012Metric_Pad1.18x1.45mm_HandSolder,,C0805C105K4RACTU,,smt,"SMD Comm X7R, Ceramic, 1 uF, 10%, 16 VDC, 40 VDC, 125C, -55C, X7R, SMD, MLCC, Temperature Stable, Class II, 5 % , 500 MOhms, 13 mg, 0805, 2mm, 1.25mm, 1.25mm, 0.75mm, 0.5mm, 2500, 78  Weeks, 80",1.1,80-C0805C105K4R,https://www.mouser.co.uk/ProductDetail/KEMET/C0805C105K4RACTU?qs=yrVqjCObULOefkidH6lLLQ%3D%3D,KEMET
C3,1,C1210C475K4PACTU,C_1210_3225Metric_Pad1.33x2.70mm_HandSolder,,C1210C475K4PACTU,,smt,"SMD Comm X5R, Ceramic, 4.7 uF, 10%, 16 VDC, 40 VDC, 85C, -55C, X5R, SMD, MLCC, Temperature Stable, Class II, 10 % , 21.3 MOhms, 105 mg, 1210, 3.2mm, 2.5mm, 1.9mm, 0.5mm, 2000, 78  Weeks, 70",,80-C1210C475K4P,https://www.mouser.co.uk/ProductDetail/KEMET/C1210C475K4PACTU?qs=h6iWZq5I5zzggFI3%252BZG1%2FA%3D%3D,KEMET
H1,1,65600001009,65600001009,,65600001009,,tht,Molded Base PC Mount Fuse Block For 520mm Fuses,12,576-65600001009,https://www.mouser.co.uk/ProductDetail/Littelfuse/65600001009?qs=jPWcQx%2F5bayV8exo4hnGjg%3D%3D,LITTELFUSE
R1,1,RC0603FR-07240RL,R_0603_1608Metric_Pad0.98x0.95mm_HandSolder,,RC0603FR-07240RL,,smt,Res Thick Film 0603 240 Ohm 1% 0.1W(1/10W) +/-100ppm/C Epoxy Pad SMD T/R,0.55,603-RC0603FR-07240RL,,YAGEO
R2,1,ERJ-2RHD1401X,R_0402_1005Metric_Pad0.72x0.64mm_HandSolder,,ERJ-2RHD1401X,,smt,"PANASONIC - ERJ2RHD1401X - SMD Chip Resistor, 1.4 kohm, +/- 0.5%, 62.5 mW, 0402 [1005 Metric], Thick Film, Precision",0.4,667-ERJ-2RHD1401X,https://www.mouser.co.uk/ProductDetail/Panasonic/ERJ-2RHD1401X/?qs=pfd5qewlna6909D37C4OaA%3D%3D,Panasonic
R3,1,RC0603FR-071KL,R_0603_1608Metric_Pad0.98x0.95mm_HandSolder,,RC0603FR-071KL,,smt,Res Thick Film 0603 1K Ohm 1% 0.1W(1/10W) +/-100ppm/C Epoxy Pad SMD T/R,0.55,603-RC0603FR-071KL,https://www.mouser.co.uk/ProductDetail/YAGEO/RC0603FR-071KL?qs=VU8sRB4EgwApHsk4rF%2F3zg%3D%3D,YAGEO
U1,1,LM317L_SOT-89,SOT-89-3,,,,smt,"100mA 35V Adjustable Linear Regulator, SOT-89",,,,
U2,1,MCP73831T-2ACI_OT,SOT-23-5_HandSoldering,,MCP73831T-2ACI/OT,,smt,Li-Ion Charge Controller 4.2V SOT23-5,1.45,579-MCP73831T-2ACIOT,https://www.mouser.co.uk/ProductDetail/Microchip-Technology/MCP73831T-2ACI-OT?qs=yUQqVecv4qvbBQBGbHx0Mw%3D%3D,Microchip
