﻿pos_x,pos_y,rotation,side,designator,mpn,pack,footprint,value,mount_type,place
25.25,-30.75,0.0,top,,,,,,tht,True
28.25,-27.25,0.0,top,,,,,,tht,True
25.25,-27.25,0.0,top,,,,,,tht,True
20.25,-30.75,0.0,top,,,,,,tht,True
27.5,-46.0,0.0,top,,,,,,tht,True
23.75,-16.75,0.0,top,,,,,,tht,True
20.25,-27.25,0.0,top,,,,,,tht,True
16.75,-16.75,0.0,top,,,,,,tht,True
20.25,-16.75,0.0,top,,,,,,tht,True
40.25,-17.25,0.0,top,,,,,,tht,True
28.25,-30.75,90.0,top,,,,,,tht,True
27.0,-23.25,0.0,top,C1,C0805C474K5RACTU,,C_0805_2012Metric_Pad1.18x1.45mm_HandSolder,C0805C474K5RACTU,smt,True
26.9125,-19.75,0.0,top,C2,C0805C105K4RACTU,,C_0805_2012Metric_Pad1.18x1.45mm_HandSolder,C0805C105K4RACTU,smt,True
21.0,-35.75,0.0,top,C3,C1210C475K4PACTU,,C_1210_3225Metric_Pad1.33x2.70mm_HandSolder,C1210C475K4PACTU,smt,True
36.347409,-36.444486,-90.0,top,H1,65600001009,,65600001009,65600001009,tht,True
37.25,-19.75,0.0,top,R1,RC0603FR-07240RL,,R_0603_1608Metric_Pad0.98x0.95mm_HandSolder,RC0603FR-07240RL,smt,True
26.9125,-16.75,0.0,top,R2,ERJ-2RHD1401X,,R_0402_1005Metric_Pad0.72x0.64mm_HandSolder,ERJ-2RHD1401X,smt,True
21.0,-39.75,0.0,top,R3,RC0603FR-071KL,,R_0603_1608Metric_Pad0.98x0.95mm_HandSolder,RC0603FR-071KL,smt,True
32.4125,-19.75,0.0,top,U1,,,SOT-89-3,LM317L_SOT-89,smt,True
26.65,-34.8,0.0,top,U2,MCP73831T-2ACI/OT,,SOT-23-5_HandSoldering,MCP73831T-2ACI_OT,smt,True
