﻿designator,quantity,value,pack,mpn,mount_type
C1,1,1uF,CP_Axial_L10.0mm_D4.5mm_P15.00mm_Horizontal,,tht
C3,1,"0,47uF",CP_Axial_L10.0mm_D4.5mm_P15.00mm_Horizontal,,tht
C4,1,"4,5uF",CP_Axial_L10.0mm_D4.5mm_P15.00mm_Horizontal,,tht
F1,1,Polyfuse,Fuse_Bourns_MF-RG300,,tht
POT1,1,240Ω,R_0603_1608Metric_Pad0.98x0.95mm_HandSolder,,smt
POT2,1,"1,4kΩ",R_0603_1608Metric_Pad0.98x0.95mm_HandSolder,,smt
POT3,1,1kΩ,R_0603_1608Metric_Pad0.98x0.95mm_HandSolder,,smt
U1,1,MCP73831-2-MC,DFN-8-1EP_3x2mm_P0.5mm_EP1.7x1.4mm,,smt
U3,1,LM317L_SOT-89,SOT-89-3,,smt
