﻿designator,quantity,value,pack,mpn,mount_type
C1,1,"4,5uF",CP_Axial_L10.0mm_D4.5mm_P15.00mm_Horizontal,,tht
C2,1,"0,47uF",C_Elec_6.3x5.4,,smt
C3,1,1uF,CP_Axial_L10.0mm_D4.5mm_P15.00mm_Horizontal,,tht
D1,1,LED Blau,LED_D3.0mm_Horizontal_O6.35mm_Z10.0mm,,tht
F1,1,Polyfuse,Fuse_Bourns_MF-RG300,,tht
"POT1, POT4",2,240Ω,R_0603_1608Metric_Pad0.98x0.95mm_HandSolder,,smt
POT2,1,1kΩ,R_0603_1608Metric_Pad0.98x0.95mm_HandSolder,,smt
POT3,1,"1,4kΩ",R_0603_1608Metric_Pad0.98x0.95mm_HandSolder,,smt
U1,1,LM317L_SOT-89,SOT-89-3,,smt
U2,1,MCP73831-2-MC,DFN-8-1EP_3x2mm_P0.5mm_EP1.7x1.4mm,,smt
