﻿pos_x,pos_y,rotation,side,designator,mpn,pack,footprint,value,mount_type,place
19.9875,-17.5,0.0,top,,,,,,tht,True
37.9875,-28.0,0.0,top,,,,,,tht,True
35.4875,-28.0,0.0,top,,,,,,tht,True
34.9875,-25.0,0.0,top,,,,,,tht,True
16.9875,-17.5,0.0,top,,,,,,tht,True
34.9875,-35.5,0.0,top,,,,,,tht,True
42.9875,-36.0,0.0,top,,,,,,tht,True
17.0,-21.41,0.0,top,C1|1uF,,,CP_Axial_L10.0mm_D4.5mm_P15.00mm_Horizontal,1uF,tht,True
17.0,-27.2425,0.0,top,"C3|0,47uF",,,CP_Axial_L10.0mm_D4.5mm_P15.00mm_Horizontal,"0,47uF",tht,True
16.9875,-33.2425,0.0,top,"C4|4,5uF",,,CP_Axial_L10.0mm_D4.5mm_P15.00mm_Horizontal,"4,5uF",tht,True
41.5875,-24.95,-90.0,top,F1,,,Fuse_Bourns_MF-RG300,Polyfuse,tht,True
41.4875,-20.0,90.0,top,POT1,,,R_0603_1608Metric_Pad0.98x0.95mm_HandSolder,240Ω,smt,True
36.4875,-30.5,180.0,top,POT3,,,R_0603_1608Metric_Pad0.98x0.95mm_HandSolder,1kΩ,smt,True
25.9875,-17.5,0.0,top,POT4,,,R_0603_1608Metric_Pad0.98x0.95mm_HandSolder,"1,4kΩ",smt,True
38.4875,-35.0,90.0,top,U2,,,SOT-23-5,MCP73831-2-OT,smt,True
36.9875,-21.0,0.0,top,U3,,,SOT-89-3,LM317L_SOT-89,smt,True
