﻿Designator,Quantity,Value,Footprint,Package,MPN,DNP,Mount_Type,Description
", , , , , , ",7,,,,,,tht,
C3,1,"0,47uF",C0805,,,,smt,"Unpolarized capacitor, small symbol"
C4,1,"4,7uF",C1210,,,,smt,"Unpolarized capacitor, small symbol"
C4,1,1uF,C0805,,,,smt,"Unpolarized capacitor, small symbol"
F1,1,Polyfuse,Fuse_Bourns_MF-RG300,,,,tht,"Resettable fuse, polymeric positive temperature coefficient"
POT1,1,1206L05015YR,1206L05015YR,,,,smt,Resistor
POT3,1,1kΩ,ERJ2RKD1004X,,,,smt,Resistor
POT4,1,"1,4kΩ",ERJ2RKD1004X,,,,smt,Resistor
U2,1,MCP73831-2-OT,SOT-23-5,,,,smt,"Single cell, Li-Ion/Li-Po charge management controller, 4.20V, Tri-State Status Output, in SOT23-5 package"
U3,1,LM317L_SOT-89,SOT-89-3,,,,smt,"100mA 35V Adjustable Linear Regulator, SOT-89"
