﻿Designator,Quantity,Value,Footprint,Package,MPN,DNP,Mount_Type,Description
", , , , , , ",7,,,,,,tht,
C1|1uF,1,1uF,CP_Axial_L10.0mm_D4.5mm_P15.00mm_Horizontal,,,,tht,"Unpolarized capacitor, small symbol"
"C3|0,47uF",1,"0,47uF",CP_Axial_L10.0mm_D4.5mm_P15.00mm_Horizontal,,,,tht,"Unpolarized capacitor, small symbol"
"C4|4,5uF",1,"4,5uF",CP_Axial_L10.0mm_D4.5mm_P15.00mm_Horizontal,,,,tht,"Unpolarized capacitor, small symbol"
F1,1,Polyfuse,Fuse_Bourns_MF-RG300,,,,tht,"Resettable fuse, polymeric positive temperature coefficient"
POT1,1,240Ω,R_0603_1608Metric_Pad0.98x0.95mm_HandSolder,,,,smt,Resistor
POT3,1,1kΩ,R_0603_1608Metric_Pad0.98x0.95mm_HandSolder,,,,smt,Resistor
POT4,1,"1,4kΩ",R_0603_1608Metric_Pad0.98x0.95mm_HandSolder,,,,smt,Resistor
U2,1,MCP73831-2-OT,SOT-23-5,,,,smt,"Single cell, Li-Ion/Li-Po charge management controller, 4.20V, Tri-State Status Output, in SOT23-5 package"
U3,1,LM317L_SOT-89,SOT-89-3,,,,smt,"100mA 35V Adjustable Linear Regulator, SOT-89"
