﻿pos_x,pos_y,rotation,side,designator,mpn,pack,footprint,value,mount_type,place
19.4125,-29.5,0.0,top,,,,,,tht,True
25.4,-28.05,0.0,top,,,,,,tht,True
22.9,-28.05,0.0,top,,,,,,tht,True
22.4,-25.05,0.0,top,,,,,,tht,True
16.9125,-29.5,0.0,top,,,,,,tht,True
22.4,-35.55,0.0,top,,,,,,tht,True
30.4,-36.05,0.0,top,,,,,,tht,True
17.889669,-25.5,0.0,top,C3,,,C0805,"0,47uF",smt,True
17.9125,-34.05,90.0,top,C4,,,C1210,"4,7uF",smt,True
17.895869,-21.234208,0.0,top,C4,,,C0805,1uF,smt,True
29.6,-25.0,-90.0,top,F1,,,Fuse_Bourns_MF-RG300,Polyfuse,tht,True
30.0,-19.0,90.0,top,POT1,,,1206L05015YR,1206L05015YR,smt,True
23.4125,-31.55,180.0,top,POT3,,,ERJ2RKD1004X,1kΩ,smt,True
17.9125,-17.55,0.0,top,POT4,,,ERJ2RKD1004X,"1,4kΩ",smt,True
25.9,-35.05,90.0,top,U2,,,SOT-23-5,MCP73831-2-OT,smt,True
24.4,-21.05,0.0,top,U3,,,SOT-89-3,LM317L_SOT-89,smt,True
