﻿pos_x,pos_y,rotation,side,designator,mpn,pack,value,mount_type,place
128.8,-79.4575,0.0,top,C1,,CP_Axial_L10.0mm_D4.5mm_P15.00mm_Horizontal,"4,5uF",tht,True
131.4625,-64.0,0.0,top,C2,,C_Elec_6.3x5.4,"0,47uF",smt,True
128.8,-72.9225,0.0,top,C3,,CP_Axial_L10.0mm_D4.5mm_P15.00mm_Horizontal,1uF,tht,True
159.125,-80.25,90.0,top,D1,,LED_D3.0mm_Horizontal_O6.35mm_Z10.0mm,LED Blau,tht,True
157.6,-61.4,-90.0,top,F1,,Fuse_Bourns_MF-RG300,Polyfuse,tht,True
154.5,-80.03,0.0,top,POT1,,R_0603_1608Metric_Pad0.98x0.95mm_HandSolder,240Ω,smt,True
154.5,-77.52,0.0,top,POT2,,R_0603_1608Metric_Pad0.98x0.95mm_HandSolder,1kΩ,smt,True
154.5,-75.01,0.0,top,POT3,,R_0603_1608Metric_Pad0.98x0.95mm_HandSolder,"1,4kΩ",smt,True
154.5,-72.5,0.0,top,POT4,,R_0603_1608Metric_Pad0.98x0.95mm_HandSolder,240Ω,smt,True
148.0,-62.5,0.0,top,U1,,SOT-89-3,LM317L_SOT-89,smt,True
149.075,-84.85,180.0,top,U2,,DFN-8-1EP_3x2mm_P0.5mm_EP1.7x1.4mm,MCP73831-2-MC,smt,True
