﻿pos_x,pos_y,rotation,side,designator,mpn,pack,value,mount_type,place
146.0,-42.5,0.0,top,C1,,CP_Axial_L10.0mm_D4.5mm_P15.00mm_Horizontal,1uF,tht,True
146.0,-47.7425,0.0,top,C3,,CP_Axial_L10.0mm_D4.5mm_P15.00mm_Horizontal,"0,47uF",tht,True
145.915,-37.29,0.0,top,C4,,CP_Axial_L10.0mm_D4.5mm_P15.00mm_Horizontal,"4,5uF",tht,True
176.4,-49.55,90.0,top,F1,,Fuse_Bourns_MF-RG300,Polyfuse,tht,True
165.5,-48.0875,90.0,top,POT1,,R_0603_1608Metric_Pad0.98x0.95mm_HandSolder,240Ω,smt,True
164.5,-44.5,0.0,top,POT2,,R_0603_1608Metric_Pad0.98x0.95mm_HandSolder,"1,4kΩ",smt,True
175.5875,-36.5,-90.0,top,POT3,,R_0603_1608Metric_Pad0.98x0.95mm_HandSolder,1kΩ,smt,True
169.075,-39.35,0.0,top,U1,,DFN-8-1EP_3x2mm_P0.5mm_EP1.7x1.4mm,MCP73831-2-MC,smt,True
170.5,-47.5,0.0,top,U3,,SOT-89-3,LM317L_SOT-89,smt,True
